{
  "project_info": {
    "project_number": "1062508888733",
    "project_id": "openbot-public",
    "storage_bucket": "openbot-public.appspot.com"
  },
  "client": [
    {
      "client_info": {
        "mobilesdk_app_id": "1:1062508888733:android:0fc8c6a8842e1ff5510a74",
        "android_client_info": {
          "package_name": "org.openbot"
        }
      },
      "oauth_client": [
        {
          "client_id": "1062508888733-jlrr946jdlv59vgpt7h1oa91n9gs0hd2.apps.googleusercontent.com",
          "client_type": 3
        }
      ],
      "api_key": [
        {
          "current_key": "AIzaSyCD59-IMWo1ZKzp-gMoTG6eKIkza_8XVYg"
        }
      ],
      "services": {
        "appinvite_service": {
          "other_platform_oauth_client": [
            {
              "client_id": "1062508888733-jlrr946jdlv59vgpt7h1oa91n9gs0hd2.apps.googleusercontent.com",
              "client_type": 3
            }
          ]
        }
      }
    }
  ],
  "configuration_version": "1"
}